Category,Email
Outros,info@thebayviewhotel.com
Outros,contact@thebayviewhotel.com
Outros,hr@thebayviewhotel.com
Outros,jobs@thebayviewhotel.com
Outros,reception@thebayviewhotel.com
Outros,frontdesk@thebayviewhotel.com
Outros,gm@thebayviewhotel.com
Outros,info@lancasterlodge.com
Outros,info@maldronhotels.com
Outros,info@fotaisland.ie
Outros,hr@fotaisland.ie
Outros,reception@fotaisland.ie
Outros,info@doylecollection.com
Outros,jobs@doylecollection.com
Outros,info@maryborough.ie
Outros,contact@maryborough.ie
Outros,hr@maryborough.ie
Outros,jobs@maryborough.ie
Outros,reception@maryborough.ie
Outros,frontdesk@maryborough.ie
Outros,gm@maryborough.ie
